granule_id,product_id,datatake_identifier,mgrs_tile,sensing_time,geometric_quality_flag,generation_time,north_lat,south_lat,west_lon,east_lon,base_url,total_size,cloud_cover
L1C_T53HPA_A004418_20180110T005319,S2B_MSIL1C_20180110T004659_N0206_R102_T53HPA_20180110T035502,GS2B_20180110T004659_004418_N02.06,53HPA,2018-01-10 00:53:19.880000+00:00,,2018-01-10T03:55:02.000000Z,-35.2210369081,-36.2278069998,136.098930559,137.33371039,gs://gcp-public-data-sentinel-2/tiles/53/H/PA/S2B_MSIL1C_20180110T004659_N0206_R102_T53HPA_20180110T035502.SAFE,739107316,36.028
L1C_T53HPA_A013398_20180115T005320,S2A_MSIL1C_20180115T004701_N0206_R102_T53HPA_20180115T035558,GS2A_20180115T004701_013398_N02.06,53HPA,2018-01-15 00:53:20.880000+00:00,,2018-01-15T03:55:58.000000Z,-35.2210369081,-36.2278069998,136.098930559,137.33371039,gs://gcp-public-data-sentinel-2/tiles/53/H/PA/S2A_MSIL1C_20180115T004701_N0206_R102_T53HPA_20180115T035558.SAFE,712670076,50.4802
L1C_T53HPA_A004847_20180209T004659,S2B_MSIL1C_20180209T004659_N0206_R102_T53HPA_20180209T020759,GS2B_20180209T004659_004847_N02.06,53HPA,2018-02-09 00:46:59.460000+00:00,,2018-02-09T02:07:59.000000Z,-35.2210369081,-36.2278069998,136.098930559,137.33371039,gs://gcp-public-data-sentinel-2/tiles/53/H/PA/S2B_MSIL1C_20180209T004659_N0206_R102_T53HPA_20180209T020759.SAFE,771181999,9.4079
L1C_T53HPA_A013827_20180214T004702,S2A_MSIL1C_20180214T004701_N0206_R102_T53HPA_20180214T020535,GS2A_20180214T004701_013827_N02.06,53HPA,2018-02-14 00:47:02.460000+00:00,,2018-02-14T02:05:35.000000Z,-35.2210369081,-36.2278069998,136.098930559,137.33371039,gs://gcp-public-data-sentinel-2/tiles/53/H/PA/S2A_MSIL1C_20180214T004701_N0206_R102_T53HPA_20180214T020535.SAFE,783668231,6.4469
L1C_T53HPA_A004990_20180219T005320,S2B_MSIL1C_20180219T004659_N0206_R102_T53HPA_20180219T035445,GS2B_20180219T004659_004990_N02.06,53HPA,2018-02-19 00:53:20.880000+00:00,,2018-02-19T03:54:45.000000Z,-35.2210369081,-36.2278069998,136.098930559,137.33371039,gs://gcp-public-data-sentinel-2/tiles/53/H/PA/S2B_MSIL1C_20180219T004659_N0206_R102_T53HPA_20180219T035445.SAFE,815040123,43.1718
L1C_T53HPA_A005133_20180301T004657,S2B_MSIL1C_20180301T004659_N0206_R102_T53HPA_20180301T021115,GS2B_20180301T004659_005133_N02.06,53HPA,2018-03-01 00:46:57.460000+00:00,,2018-03-01T02:11:15.000000Z,-35.2210369081,-36.2278069998,136.098930559,137.33371039,gs://gcp-public-data-sentinel-2/tiles/53/H/PA/S2B_MSIL1C_20180301T004659_N0206_R102_T53HPA_20180301T021115.SAFE,813422917,44.5302
L1C_T53HPA_A014113_20180306T004702,S2A_MSIL1C_20180306T004701_N0206_R102_T53HPA_20180306T110723,GS2A_20180306T004701_014113_N02.06,53HPA,2018-03-06 00:47:02.460000+00:00,,2018-03-06T11:07:23.000000Z,-35.2210369081,-36.2278069998,136.098930559,137.33371039,gs://gcp-public-data-sentinel-2/tiles/53/H/PA/S2A_MSIL1C_20180306T004701_N0206_R102_T53HPA_20180306T110723.SAFE,796556156,53.0425
L1C_T53HPA_A005276_20180311T004657,S2B_MSIL1C_20180311T004659_N0206_R102_T53HPA_20180311T021933,GS2B_20180311T004659_005276_N02.06,53HPA,2018-03-11 00:46:57.460000+00:00,,2018-03-11T02:19:33.000000Z,-35.2210369081,-36.2278069998,136.098930559,137.33371039,gs://gcp-public-data-sentinel-2/tiles/53/H/PA/S2B_MSIL1C_20180311T004659_N0206_R102_T53HPA_20180311T021933.SAFE,737267164,34.7513
L1C_T53HPA_A005562_20180331T004702,S2B_MSIL1C_20180331T004659_N0206_R102_T53HPA_20180331T022110,GS2B_20180331T004659_005562_N02.06,53HPA,2018-03-31 00:47:02.460000+00:00,,2018-03-31T02:21:10.000000Z,-35.2210369081,-36.2278069998,136.098930559,137.33371039,gs://gcp-public-data-sentinel-2/tiles/53/H/PA/S2B_MSIL1C_20180331T004659_N0206_R102_T53HPA_20180331T022110.SAFE,797996699,29.2595
L1C_T53HPA_A014542_20180405T004706,S2A_MSIL1C_20180405T004711_N0206_R102_T53HPA_20180405T021615,GS2A_20180405T004711_014542_N02.06,53HPA,2018-04-05 00:47:06.460000+00:00,,2018-04-05T02:16:15.000000Z,-35.2210369081,-36.2278069998,136.098930559,137.33371039,gs://gcp-public-data-sentinel-2/tiles/53/H/PA/S2A_MSIL1C_20180405T004711_N0206_R102_T53HPA_20180405T021615.SAFE,839612786,51.7009
L1C_T53HPA_A014685_20180415T004707,S2A_MSIL1C_20180415T004711_N0206_R102_T53HPA_20180415T021550,GS2A_20180415T004711_014685_N02.06,53HPA,2018-04-15 00:47:07.460000+00:00,,2018-04-15T02:15:50.000000Z,-35.2210369081,-36.2278069998,136.098930559,137.33371039,gs://gcp-public-data-sentinel-2/tiles/53/H/PA/S2A_MSIL1C_20180415T004711_N0206_R102_T53HPA_20180415T021550.SAFE,746530755,33.614000000000004
L1C_T53HPA_A005848_20180420T004704,S2B_MSIL1C_20180420T004709_N0206_R102_T53HPA_20180420T021722,GS2B_20180420T004709_005848_N02.06,53HPA,2018-04-20 00:47:04.460000+00:00,,2018-04-20T02:17:22.000000Z,-35.2210369081,-36.2278069998,136.098930559,137.33371039,gs://gcp-public-data-sentinel-2/tiles/53/H/PA/S2B_MSIL1C_20180420T004709_N0206_R102_T53HPA_20180420T021722.SAFE,709744990,40.1497
L1C_T53HPA_A014828_20180425T005334,S2A_MSIL1C_20180425T004711_N0206_R102_T53HPA_20180425T021141,GS2A_20180425T004711_014828_N02.06,53HPA,2018-04-25 00:53:34.490000+00:00,,2018-04-25T02:11:41.000000Z,-35.2210369081,-36.2278069998,136.098930559,137.33371039,gs://gcp-public-data-sentinel-2/tiles/53/H/PA/S2A_MSIL1C_20180425T004711_N0206_R102_T53HPA_20180425T021141.SAFE,682302009,12.9049
L1C_T53HPA_A014971_20180505T004708,S2A_MSIL1C_20180505T004711_N0206_R102_T53HPA_20180505T021715,GS2A_20180505T004711_014971_N02.06,53HPA,2018-05-05 00:47:08.460000+00:00,,2018-05-05T02:17:15.000000Z,-35.2210369081,-36.2278069998,136.098930559,137.33371039,gs://gcp-public-data-sentinel-2/tiles/53/H/PA/S2A_MSIL1C_20180505T004711_N0206_R102_T53HPA_20180505T021715.SAFE,704865124,11.907
L1C_T53HPA_A006134_20180510T004704,S2B_MSIL1C_20180510T004709_N0206_R102_T53HPA_20180510T022200,GS2B_20180510T004709_006134_N02.06,53HPA,2018-05-10 00:47:04.460000+00:00,,2018-05-10T02:22:00.000000Z,-35.2210369081,-36.2278069998,136.098930559,137.33371039,gs://gcp-public-data-sentinel-2/tiles/53/H/PA/S2B_MSIL1C_20180510T004709_N0206_R102_T53HPA_20180510T022200.SAFE,817720293,59.1506
L1C_T53HPA_A015114_20180515T004708,S2A_MSIL1C_20180515T004711_N0206_R102_T53HPA_20180515T021851,GS2A_20180515T004711_015114_N02.06,53HPA,2018-05-15 00:47:08.460000+00:00,,2018-05-15T02:18:51.000000Z,-35.2210369081,-36.2278069998,136.098930559,137.33371039,gs://gcp-public-data-sentinel-2/tiles/53/H/PA/S2A_MSIL1C_20180515T004711_N0206_R102_T53HPA_20180515T021851.SAFE,773470236,44.0566
L1C_T53HPA_A015257_20180525T004708,S2A_MSIL1C_20180525T004711_N0206_R102_T53HPA_20180525T021827,GS2A_20180525T004711_015257_N02.06,53HPA,2018-05-25 00:47:08.460000+00:00,,2018-05-25T02:18:27.000000Z,-35.2210369081,-36.2278069998,136.098930559,137.33371039,gs://gcp-public-data-sentinel-2/tiles/53/H/PA/S2A_MSIL1C_20180525T004711_N0206_R102_T53HPA_20180525T021827.SAFE,652874025,0.0157
L1C_T53HPA_A006420_20180530T005610,S2B_MSIL1C_20180530T004659_N0206_R102_T53HPA_20180530T020441,GS2B_20180530T004659_006420_N02.06,53HPA,2018-05-30 00:56:10.850000+00:00,,2018-05-30T02:04:41.000000Z,-35.2210369081,-36.2278069998,136.098930559,137.33371039,gs://gcp-public-data-sentinel-2/tiles/53/H/PA/S2B_MSIL1C_20180530T004659_N0206_R102_T53HPA_20180530T020441.SAFE,743306629,14.2675
L1C_T53HPA_A006563_20180609T005611,S2B_MSIL1C_20180609T004709_N0206_R102_T53HPA_20180609T020456,GS2B_20180609T004709_006563_N02.06,53HPA,2018-06-09 00:56:11.840000+00:00,,2018-06-09T02:04:56.000000Z,-35.2210369081,-36.2278069998,136.098930559,137.33371039,gs://gcp-public-data-sentinel-2/tiles/53/H/PA/S2B_MSIL1C_20180609T004709_N0206_R102_T53HPA_20180609T020456.SAFE,762958378,56.9017
L1C_T53HPA_A015543_20180614T004705,S2A_MSIL1C_20180614T004711_N0206_R102_T53HPA_20180614T021734,GS2A_20180614T004711_015543_N02.06,53HPA,2018-06-14 00:47:05.460000+00:00,,2018-06-14T02:17:34.000000Z,-35.2210369081,-36.2278069998,136.098930559,137.33371039,gs://gcp-public-data-sentinel-2/tiles/53/H/PA/S2A_MSIL1C_20180614T004711_N0206_R102_T53HPA_20180614T021734.SAFE,760782218,67.3033
L1C_T53HPA_A015686_20180624T004706,S2A_MSIL1C_20180624T004711_N0206_R102_T53HPA_20180624T021654,GS2A_20180624T004711_015686_N02.06,53HPA,2018-06-24 00:47:06.460000+00:00,,2018-06-24T02:16:54.000000Z,-35.2210369081,-36.2278069998,136.098930559,137.33371039,gs://gcp-public-data-sentinel-2/tiles/53/H/PA/S2A_MSIL1C_20180624T004711_N0206_R102_T53HPA_20180624T021654.SAFE,801146898,53.1053
L1C_T53HPA_A006992_20180709T005232,S2B_MSIL1C_20180709T004709_N0206_R102_T53HPA_20180709T021153,GS2B_20180709T004709_006992_N02.06,53HPA,2018-07-09 00:52:32.770000+00:00,,2018-07-09T02:11:53.000000Z,-35.2210369081,-36.2278069998,136.098930559,137.33371039,gs://gcp-public-data-sentinel-2/tiles/53/H/PA/S2B_MSIL1C_20180709T004709_N0206_R102_T53HPA_20180709T021153.SAFE,838906995,65.8599
L1C_T53HPA_A015972_20180714T004707,S2A_MSIL1C_20180714T004711_N0206_R102_T53HPA_20180714T021605,GS2A_20180714T004711_015972_N02.06,53HPA,2018-07-14 00:47:07.460000+00:00,,2018-07-14T02:16:05.000000Z,-35.2210369081,-36.2278069998,136.098930559,137.33371039,gs://gcp-public-data-sentinel-2/tiles/53/H/PA/S2A_MSIL1C_20180714T004711_N0206_R102_T53HPA_20180714T021605.SAFE,773376230,27.5953
L1C_T53HPA_A007135_20180719T005247,S2B_MSIL1C_20180719T004709_N0206_R102_T53HPA_20180719T021105,GS2B_20180719T004709_007135_N02.06,53HPA,2018-07-19 00:52:47.200000+00:00,,2018-07-19T02:11:05.000000Z,-35.2210830096,-36.2278072519,136.098930559,137.33371039,gs://gcp-public-data-sentinel-2/tiles/53/H/PA/S2B_MSIL1C_20180719T004709_N0206_R102_T53HPA_20180719T021105.SAFE,689113999,71.8344
L1C_T53HPA_A016115_20180724T004707,S2A_MSIL1C_20180724T004711_N0206_R102_T53HPA_20180724T021756,GS2A_20180724T004711_016115_N02.06,53HPA,2018-07-24 00:47:07.460000+00:00,,2018-07-24T02:17:56.000000Z,-35.2210579584,-36.2277738708,136.098930341,137.333710764,gs://gcp-public-data-sentinel-2/tiles/53/H/PA/S2A_MSIL1C_20180724T004711_N0206_R102_T53HPA_20180724T021756.SAFE,768743036,38.0468
L1C_T53HPA_A007278_20180729T005246,S2B_MSIL1C_20180729T004709_N0206_R102_T53HPA_20180729T021223,GS2B_20180729T004709_007278_N02.06,53HPA,2018-07-29 00:52:46.200000+00:00,,2018-07-29T02:12:23.000000Z,-35.221045427199996,-36.2278072519,136.098930559,137.33371039,gs://gcp-public-data-sentinel-2/tiles/53/H/PA/S2B_MSIL1C_20180729T004709_N0206_R102_T53HPA_20180729T021223.SAFE,759743443,25.118
L1C_T53HPA_A016258_20180803T004706,S2A_MSIL1C_20180803T004711_N0206_R102_T53HPA_20180803T021821,GS2A_20180803T004711_016258_N02.06,53HPA,2018-08-03 00:47:06.460000+00:00,,2018-08-03T02:18:21.000000Z,-35.2210579584,-36.2277738708,136.098930341,137.333710764,gs://gcp-public-data-sentinel-2/tiles/53/H/PA/S2A_MSIL1C_20180803T004711_N0206_R102_T53HPA_20180803T021821.SAFE,761358279,23.714
L1C_T53HPA_A007421_20180808T005244,S2B_MSIL1C_20180808T004659_N0206_R102_T53HPA_20180808T021551,GS2B_20180808T004659_007421_N02.06,53HPA,2018-08-08 00:52:44.200000+00:00,,2018-08-08T02:15:51.000000Z,-35.221045427199996,-36.2278072519,136.098930559,137.33371039,gs://gcp-public-data-sentinel-2/tiles/53/H/PA/S2B_MSIL1C_20180808T004659_N0206_R102_T53HPA_20180808T021551.SAFE,809375292,53.8629
L1C_T53HPA_A016401_20180813T004705,S2A_MSIL1C_20180813T004711_N0206_R102_T53HPA_20180813T022137,GS2A_20180813T004711_016401_N02.06,53HPA,2018-08-13 00:47:05.460000+00:00,,2018-08-13T02:21:37.000000Z,-35.2210369081,-36.2278069998,136.098930559,137.33371039,gs://gcp-public-data-sentinel-2/tiles/53/H/PA/S2A_MSIL1C_20180813T004711_N0206_R102_T53HPA_20180813T022137.SAFE,798924444,32.3792
L1C_T53HPA_A007564_20180818T005242,S2B_MSIL1C_20180818T004659_N0206_R102_T53HPA_20180818T021305,GS2B_20180818T004659_007564_N02.06,53HPA,2018-08-18 00:52:42.190000+00:00,,2018-08-18T02:13:05.000000Z,-35.2210369081,-36.2278069998,136.098930559,137.33371039,gs://gcp-public-data-sentinel-2/tiles/53/H/PA/S2B_MSIL1C_20180818T004659_N0206_R102_T53HPA_20180818T021305.SAFE,740343748,21.2236
L1C_T53HPA_A007707_20180828T005153,S2B_MSIL1C_20180828T004659_N0206_R102_T53HPA_20180828T022051,GS2B_20180828T004659_007707_N02.06,53HPA,2018-08-28 00:51:53.290000+00:00,,2018-08-28T02:20:51.000000Z,-35.2210369081,-36.2278069998,136.098930559,137.33371039,gs://gcp-public-data-sentinel-2/tiles/53/H/PA/S2B_MSIL1C_20180828T004659_N0206_R102_T53HPA_20180828T022051.SAFE,768931429,34.7384
L1C_T53HPA_A016687_20180902T004704,S2A_MSIL1C_20180902T004701_N0206_R102_T53HPA_20180902T021709,GS2A_20180902T004701_016687_N02.06,53HPA,2018-09-02 00:47:04.460000+00:00,,2018-09-02T02:17:09.000000Z,-35.2210369081,-36.2278069998,136.098930559,137.33371039,gs://gcp-public-data-sentinel-2/tiles/53/H/PA/S2A_MSIL1C_20180902T004701_N0206_R102_T53HPA_20180902T021709.SAFE,670679759,17.9408
L1C_T53HPA_A007850_20180907T005240,S2B_MSIL1C_20180907T004659_N0206_R102_T53HPA_20180907T021156,GS2B_20180907T004659_007850_N02.06,53HPA,2018-09-07 00:52:40.200000+00:00,,2018-09-07T02:11:56.000000Z,-35.2210369081,-36.2278069998,136.098930559,137.33371039,gs://gcp-public-data-sentinel-2/tiles/53/H/PA/S2B_MSIL1C_20180907T004659_N0206_R102_T53HPA_20180907T021156.SAFE,638393484,11.9274
L1C_T53HPA_A016830_20180912T005159,S2A_MSIL1C_20180912T004701_N0206_R102_T53HPA_20180912T054725,GS2A_20180912T004701_016830_N02.06,53HPA,2018-09-12 00:51:59.300000+00:00,,2018-09-12T05:47:25.000000Z,-35.2210369081,-36.2278069998,136.098930559,137.33371039,gs://gcp-public-data-sentinel-2/tiles/53/H/PA/S2A_MSIL1C_20180912T004701_N0206_R102_T53HPA_20180912T054725.SAFE,724378027,18.3855
L1C_T53HPA_A007993_20180917T005240,S2B_MSIL1C_20180917T004659_N0206_R102_T53HPA_20180917T021059,GS2B_20180917T004659_007993_N02.06,53HPA,2018-09-17 00:52:40.190000+00:00,,2018-09-17T02:10:59.000000Z,-35.2210369081,-36.2278069998,136.098930559,137.33371039,gs://gcp-public-data-sentinel-2/tiles/53/H/PA/S2B_MSIL1C_20180917T004659_N0206_R102_T53HPA_20180917T021059.SAFE,689862552,0.0
L1C_T53HPA_A016973_20180922T004701,S2A_MSIL1C_20180922T004701_N0206_R102_T53HPA_20180922T021712,GS2A_20180922T004701_016973_N02.06,53HPA,2018-09-22 00:47:01.460000+00:00,,2018-09-22T02:17:12.000000Z,-35.2210369081,-36.2278069998,136.098930559,137.33371039,gs://gcp-public-data-sentinel-2/tiles/53/H/PA/S2A_MSIL1C_20180922T004701_N0206_R102_T53HPA_20180922T021712.SAFE,594207346,0.4226
L1C_T53HPA_A017116_20181002T004702,S2A_MSIL1C_20181002T004701_N0206_R102_T53HPA_20181002T022020,GS2A_20181002T004701_017116_N02.06,53HPA,2018-10-02 00:47:02.460000+00:00,,2018-10-02T02:20:20.000000Z,-35.2210369081,-36.2278069998,136.098930559,137.33371039,gs://gcp-public-data-sentinel-2/tiles/53/H/PA/S2A_MSIL1C_20181002T004701_N0206_R102_T53HPA_20181002T022020.SAFE,804813230,51.3925
L1C_T53HPA_A008279_20181007T005244,S2B_MSIL1C_20181007T004659_N0206_R102_T53HPA_20181007T021322,GS2B_20181007T004659_008279_N02.06,53HPA,2018-10-07 00:52:44.200000+00:00,,2018-10-07T02:13:22.000000Z,-35.2210369081,-36.2278069998,136.098930559,137.33371039,gs://gcp-public-data-sentinel-2/tiles/53/H/PA/S2B_MSIL1C_20181007T004659_N0206_R102_T53HPA_20181007T021322.SAFE,639041382,6.4172
L1C_T53HPA_A017259_20181012T004703,S2A_MSIL1C_20181012T004701_N0206_R102_T53HPA_20181012T021837,GS2A_20181012T004701_017259_N02.06,53HPA,2018-10-12 00:47:03.460000+00:00,,2018-10-12T02:18:37.000000Z,-35.2210369081,-36.2278069998,136.098930559,137.33371039,gs://gcp-public-data-sentinel-2/tiles/53/H/PA/S2A_MSIL1C_20181012T004701_N0206_R102_T53HPA_20181012T021837.SAFE,671404921,0.1455
L1C_T53HPA_A017402_20181022T004703,S2A_MSIL1C_20181022T004701_N0206_R102_T53HPA_20181022T021855,GS2A_20181022T004701_017402_N02.06,53HPA,2018-10-22 00:47:03.460000+00:00,,2018-10-22T02:18:55.000000Z,-35.2210369081,-36.2278069998,136.098930559,137.33371039,gs://gcp-public-data-sentinel-2/tiles/53/H/PA/S2A_MSIL1C_20181022T004701_N0206_R102_T53HPA_20181022T021855.SAFE,619322985,0.4291
L1C_T53HPA_A008565_20181027T005351,S2B_MSIL1C_20181027T004709_N0206_R102_T53HPA_20181102T125924,GS2B_20181027T004709_008565_N02.06,53HPA,2018-10-27 00:53:51.140000+00:00,,2018-11-02T12:59:24.000000Z,-35.2210369081,-36.2278069998,136.098930559,137.33371039,gs://gcp-public-data-sentinel-2/tiles/53/H/PA/S2B_MSIL1C_20181027T004709_N0206_R102_T53HPA_20181102T125924.SAFE,707200294,66.452
L1C_T53HPA_A008708_20181106T005459,S2B_MSIL1C_20181106T004709_N0207_R102_T53HPA_20181106T020724,GS2B_20181106T004709_008708_N02.07,53HPA,2018-11-06 00:57:02.970000+00:00,,2018-11-06T02:07:24.000000Z,-35.2210369081,-36.2278069998,136.098930559,137.33371039,gs://gcp-public-data-sentinel-2/tiles/53/H/PA/S2B_MSIL1C_20181106T004709_N0207_R102_T53HPA_20181106T020724.SAFE,778803892,4.1453
L1C_T53HPA_A017688_20181111T004701,S2A_MSIL1C_20181111T004701_N0207_R102_T53HPA_20181111T021637,GS2A_20181111T004701_017688_N02.07,53HPA,2018-11-11 00:57:00.410000+00:00,,2018-11-11T02:16:37.000000Z,-35.2210369081,-36.2278069998,136.098930559,137.33371039,gs://gcp-public-data-sentinel-2/tiles/53/H/PA/S2A_MSIL1C_20181111T004701_N0207_R102_T53HPA_20181111T021637.SAFE,754863543,7.1671
L1C_T53HPA_A008851_20181116T005550,S2B_MSIL1C_20181116T004709_N0207_R102_T53HPA_20181116T020527,GS2B_20181116T004709_008851_N02.07,53HPA,2018-11-16 00:57:02.630000+00:00,,2018-11-16T02:05:27.000000Z,-35.2210369081,-36.2278069998,136.098930559,137.33371039,gs://gcp-public-data-sentinel-2/tiles/53/H/PA/S2B_MSIL1C_20181116T004709_N0207_R102_T53HPA_20181116T020527.SAFE,728097849,0.023
L1C_T53HPA_A017831_20181121T004659,S2A_MSIL1C_20181121T004701_N0207_R102_T53HPA_20181121T021659,GS2A_20181121T004701_017831_N02.07,53HPA,2018-11-21 00:56:58.540000+00:00,,2018-11-21T02:16:59.000000Z,-35.2210369081,-36.2278069998,136.098930559,137.33371039,gs://gcp-public-data-sentinel-2/tiles/53/H/PA/S2A_MSIL1C_20181121T004701_N0207_R102_T53HPA_20181121T021659.SAFE,731830503,60.7047
L1C_T53HPA_A009137_20181206T004701,S2B_MSIL1C_20181206T004659_N0207_R102_T53HPA_20181206T020409,GS2B_20181206T004659_009137_N02.07,53HPA,2018-12-06 00:56:57.890000+00:00,,2018-12-06T02:04:09.000000Z,-35.2210369081,-36.0707909159,136.098930559,137.329581947,gs://gcp-public-data-sentinel-2/tiles/53/H/PA/S2B_MSIL1C_20181206T004659_N0207_R102_T53HPA_20181206T020409.SAFE,494776967,46.2662
L1C_T53HPA_A018117_20181211T004658,S2A_MSIL1C_20181211T004701_N0207_R102_T53HPA_20181211T021025,GS2A_20181211T004701_018117_N02.07,53HPA,2018-12-11 00:56:56.980000+00:00,,2018-12-11T02:10:25.000000Z,-35.2210369081,-36.2278069998,136.098930559,137.33371039,gs://gcp-public-data-sentinel-2/tiles/53/H/PA/S2A_MSIL1C_20181211T004701_N0207_R102_T53HPA_20181211T021025.SAFE,711288677,71.4546
L1C_T53HPA_A018260_20181221T004658,S2A_MSIL1C_20181221T004701_N0207_R102_T53HPA_20181221T021141,GS2A_20181221T004701_018260_N02.07,53HPA,2018-12-21 00:56:56.910000+00:00,,2018-12-21T02:11:41.000000Z,-35.2210369081,-36.2278069998,136.098930559,137.33371039,gs://gcp-public-data-sentinel-2/tiles/53/H/PA/S2A_MSIL1C_20181221T004701_N0207_R102_T53HPA_20181221T021141.SAFE,804170416,54.9628
L1C_T53HPA_A009423_20181226T004702,S2B_MSIL1C_20181226T004659_N0207_R102_T53HPA_20181226T020354,GS2B_20181226T004659_009423_N02.07,53HPA,2018-12-26 00:57:01.700000+00:00,,2018-12-26T02:03:54.000000Z,-35.2210369081,-36.2278069998,136.098930559,137.33371039,gs://gcp-public-data-sentinel-2/tiles/53/H/PA/S2B_MSIL1C_20181226T004659_N0207_R102_T53HPA_20181226T020354.SAFE,743584777,0.0
L1C_T53HPA_A018403_20181231T004700,S2A_MSIL1C_20181231T004701_N0207_R102_T53HPA_20181231T021140,GS2A_20181231T004701_018403_N02.07,53HPA,2018-12-31 00:56:59.090000+00:00,,2018-12-31T02:11:40.000000Z,-35.2210369081,-36.2278069998,136.098930559,137.33371039,gs://gcp-public-data-sentinel-2/tiles/53/H/PA/S2A_MSIL1C_20181231T004701_N0207_R102_T53HPA_20181231T021140.SAFE,741990843,0.0
L1C_T53HPA_A009566_20190105T004704,S2B_MSIL1C_20190105T004709_N0207_R102_T53HPA_20190105T020406,GS2B_20190105T004709_009566_N02.07,53HPA,2019-01-05 00:57:03.540000+00:00,,2019-01-05T02:04:06.000000Z,-35.2210369081,-36.2278069998,136.098930559,137.33371039,gs://gcp-public-data-sentinel-2/tiles/53/H/PA/S2B_MSIL1C_20190105T004709_N0207_R102_T53HPA_20190105T020406.SAFE,799217546,12.5693
L1C_T53HPA_A009709_20190115T005642,S2B_MSIL1C_20190115T004709_N0207_R102_T53HPA_20190115T020358,GS2B_20190115T004709_009709_N02.07,53HPA,2019-01-15 00:57:04.790000+00:00,,2019-01-15T02:03:58.000000Z,-35.2210369081,-36.2278069998,136.098930559,137.33371039,gs://gcp-public-data-sentinel-2/tiles/53/H/PA/S2B_MSIL1C_20190115T004709_N0207_R102_T53HPA_20190115T020358.SAFE,674204981,31.6484
L1C_T53HPA_A018689_20190120T004702,S2A_MSIL1C_20190120T004701_N0207_R102_T53HPA_20190120T021332,GS2A_20190120T004701_018689_N02.07,53HPA,2019-01-20 00:57:01+00:00,,2019-01-20T02:13:32.000000Z,-35.2210369081,-36.2278069998,136.098930559,137.33371039,gs://gcp-public-data-sentinel-2/tiles/53/H/PA/S2A_MSIL1C_20190120T004701_N0207_R102_T53HPA_20190120T021332.SAFE,748638223,0.0096
L1C_T53HPA_A018832_20190130T004703,S2A_MSIL1C_20190130T004701_N0207_R102_T53HPA_20190130T021623,GS2A_20190130T004701_018832_N02.07,53HPA,2019-01-30 00:57:02+00:00,,2019-01-30T02:16:23.000000Z,-35.2210369081,-36.2278069998,136.098930559,137.33371039,gs://gcp-public-data-sentinel-2/tiles/53/H/PA/S2A_MSIL1C_20190130T004701_N0207_R102_T53HPA_20190130T021623.SAFE,699614435,15.4494
L1C_T53HPA_A009995_20190204T005513,S2B_MSIL1C_20190204T004709_N0207_R102_T53HPA_20190204T020630,GS2B_20190204T004709_009995_N02.07,53HPA,2019-02-04 00:57:05+00:00,,2019-02-04T02:06:30.000000Z,-35.2210369081,-36.2278069998,136.098930559,137.33371039,gs://gcp-public-data-sentinel-2/tiles/53/H/PA/S2B_MSIL1C_20190204T004709_N0207_R102_T53HPA_20190204T020630.SAFE,770456919,24.8295
L1C_T53HPA_A018975_20190209T004703,S2A_MSIL1C_20190209T004701_N0207_R102_T53HPA_20190209T021458,GS2A_20190209T004701_018975_N02.07,53HPA,2019-02-09 00:57:02+00:00,,2019-02-09T02:14:58.000000Z,-35.2210369081,-36.2278069998,136.098930559,137.33371039,gs://gcp-public-data-sentinel-2/tiles/53/H/PA/S2A_MSIL1C_20190209T004701_N0207_R102_T53HPA_20190209T021458.SAFE,824995328,50.5648
L1C_T53HPA_A010138_20190214T005415,S2B_MSIL1C_20190214T004709_N0207_R102_T53HPA_20190214T020753,GS2B_20190214T004709_010138_N02.07,53HPA,2019-02-14 00:57:05+00:00,,2019-02-14T02:07:53.000000Z,-35.2210369081,-36.2278069998,136.098930559,137.33371039,gs://gcp-public-data-sentinel-2/tiles/53/H/PA/S2B_MSIL1C_20190214T004709_N0207_R102_T53HPA_20190214T020753.SAFE,730486990,73.2918
L1C_T53HPA_A019118_20190219T004607,S2A_MSIL1C_20190219T004611_N0207_R102_T53HPA_20190219T022111,GS2A_20190219T004611_019118_N02.07,53HPA,2019-02-19 00:57:01+00:00,,2019-02-19T02:21:11.000000Z,-35.2210369081,-36.2278069998,136.098930559,137.33371039,gs://gcp-public-data-sentinel-2/tiles/53/H/PA/S2A_MSIL1C_20190219T004611_N0207_R102_T53HPA_20190219T022111.SAFE,820830027,44.3054
L1C_T53HPA_A010281_20190224T005306,S2B_MSIL1C_20190224T004709_N0207_R102_T53HPA_20190224T020938,GS2B_20190224T004709_010281_N02.07,53HPA,2019-02-24 00:57:04+00:00,,2019-02-24T02:09:38.000000Z,-35.2210369081,-36.2278069998,136.098930559,137.33371039,gs://gcp-public-data-sentinel-2/tiles/53/H/PA/S2B_MSIL1C_20190224T004709_N0207_R102_T53HPA_20190224T020938.SAFE,582623120,0.0
L1C_T53HPA_A019261_20190301T004701,S2A_MSIL1C_20190301T004701_N0207_R102_T53HPA_20190301T021648,GS2A_20190301T004701_019261_N02.07,53HPA,2019-03-01 00:57:00+00:00,,2019-03-01T02:16:48.000000Z,-35.2210369081,-36.2278069998,136.098930559,137.33371039,gs://gcp-public-data-sentinel-2/tiles/53/H/PA/S2A_MSIL1C_20190301T004701_N0207_R102_T53HPA_20190301T021648.SAFE,603497436,0.0
L1C_T53HPA_A010424_20190306T005257,S2B_MSIL1C_20190306T004709_N0207_R102_T53HPA_20190306T020958,GS2B_20190306T004709_010424_N02.07,53HPA,2019-03-06 00:57:02+00:00,,2019-03-06T02:09:58.000000Z,-35.2210369081,-36.2278069998,136.098930559,137.33371039,gs://gcp-public-data-sentinel-2/tiles/53/H/PA/S2B_MSIL1C_20190306T004709_N0207_R102_T53HPA_20190306T020958.SAFE,803521656,42.5567
L1C_T53HPA_A019404_20190311T004701,S2A_MSIL1C_20190311T004701_N0207_R102_T53HPA_20190311T022013,GS2A_20190311T004701_019404_N02.07,53HPA,2019-03-11 00:57:00+00:00,,2019-03-11T02:20:13.000000Z,-35.2210369081,-36.2278069998,136.098930559,137.33371039,gs://gcp-public-data-sentinel-2/tiles/53/H/PA/S2A_MSIL1C_20190311T004701_N0207_R102_T53HPA_20190311T022013.SAFE,843716120,65.6458
L1C_T53HPA_A010567_20190316T005258,S2B_MSIL1C_20190316T004709_N0207_R102_T53HPA_20190316T021019,GS2B_20190316T004709_010567_N02.07,53HPA,2019-03-16 00:57:03+00:00,,2019-03-16T02:10:19.000000Z,-35.2210369081,-36.2278069998,136.098930559,137.33371039,gs://gcp-public-data-sentinel-2/tiles/53/H/PA/S2B_MSIL1C_20190316T004709_N0207_R102_T53HPA_20190316T021019.SAFE,618264755,5.644
L1C_T53HPA_A010710_20190326T005301,S2B_MSIL1C_20190326T004709_N0207_R102_T53HPA_20190326T021016,GS2B_20190326T004709_010710_N02.07,53HPA,2019-03-26 00:57:06+00:00,,2019-03-26T02:10:16.000000Z,-35.2210369081,-36.2278069998,136.098930559,137.33371039,gs://gcp-public-data-sentinel-2/tiles/53/H/PA/S2B_MSIL1C_20190326T004709_N0207_R102_T53HPA_20190326T021016.SAFE,694006540,11.1209
L1C_T53HPA_A010853_20190405T005303,S2B_MSIL1C_20190405T004709_N0207_R102_T53HPA_20190405T021024,GS2B_20190405T004709_010853_N02.07,53HPA,2019-04-05 00:57:08+00:00,,2019-04-05T02:10:24.000000Z,-35.2210369081,-36.2278069998,136.098930559,137.33371039,gs://gcp-public-data-sentinel-2/tiles/53/H/PA/S2B_MSIL1C_20190405T004709_N0207_R102_T53HPA_20190405T021024.SAFE,693413843,60.4142
L1C_T53HPA_A019833_20190410T004708,S2A_MSIL1C_20190410T004711_N0207_R102_T53HPA_20190410T022320,GS2A_20190410T004711_019833_N02.07,53HPA,2019-04-10 00:57:07+00:00,,2019-04-10T02:23:20.000000Z,-35.2210369081,-36.2278069998,136.098930559,137.33371039,gs://gcp-public-data-sentinel-2/tiles/53/H/PA/S2A_MSIL1C_20190410T004711_N0207_R102_T53HPA_20190410T022320.SAFE,699513095,28.6561
L1C_T53HPA_A011139_20190425T005307,S2B_MSIL1C_20190425T004719_N0207_R102_T53HPA_20190425T021024,GS2B_20190425T004719_011139_N02.07,53HPA,2019-04-25 00:57:12+00:00,,2019-04-25T02:10:24.000000Z,-35.2210369081,-36.2278069998,136.098930559,137.33371039,gs://gcp-public-data-sentinel-2/tiles/53/H/PA/S2B_MSIL1C_20190425T004719_N0207_R102_T53HPA_20190425T021024.SAFE,794158189,36.6814
L1C_T53HPA_A020262_20190510T004710,S2A_MSIL1C_20190510T004711_N0207_R102_T53HPA_20190510T022534,GS2A_20190510T004711_020262_N02.07,53HPA,2019-05-10 00:57:09+00:00,,2019-05-10T02:25:34.000000Z,-35.2210369081,-36.2278069998,136.098930559,137.33371039,gs://gcp-public-data-sentinel-2/tiles/53/H/PA/S2A_MSIL1C_20190510T004711_N0207_R102_T53HPA_20190510T022534.SAFE,753027630,18.4564
L1C_T53HPA_A011425_20190515T005308,S2B_MSIL1C_20190515T004719_N0207_R102_T53HPA_20190515T021042,GS2B_20190515T004719_011425_N02.07,53HPA,2019-05-15 00:57:13+00:00,,2019-05-15T02:10:42.000000Z,-35.2210369081,-36.2278069998,136.098930559,137.33371039,gs://gcp-public-data-sentinel-2/tiles/53/H/PA/S2B_MSIL1C_20190515T004719_N0207_R102_T53HPA_20190515T021042.SAFE,662184866,1.8082
L1C_T53HPA_A020405_20190520T004710,S2A_MSIL1C_20190520T004711_N0207_R102_T53HPA_20190520T021818,GS2A_20190520T004711_020405_N02.07,53HPA,2019-05-20 00:57:08+00:00,,2019-05-20T02:18:18.000000Z,-35.2210369081,-36.2278069998,136.098930559,137.33371039,gs://gcp-public-data-sentinel-2/tiles/53/H/PA/S2A_MSIL1C_20190520T004711_N0207_R102_T53HPA_20190520T021818.SAFE,722855354,15.2806
L1C_T53HPA_A011568_20190525T005308,S2B_MSIL1C_20190525T004719_N0207_R102_T53HPA_20190525T021037,GS2B_20190525T004719_011568_N02.07,53HPA,2019-05-25 00:57:13+00:00,,2019-05-25T02:10:37.000000Z,-35.2210369081,-36.2278069998,136.098930559,137.33371039,gs://gcp-public-data-sentinel-2/tiles/53/H/PA/S2B_MSIL1C_20190525T004719_N0207_R102_T53HPA_20190525T021037.SAFE,765846201,35.6284
L1C_T53HPA_A020548_20190530T004709,S2A_MSIL1C_20190530T004711_N0207_R102_T53HPA_20190530T022148,GS2A_20190530T004711_020548_N02.07,53HPA,2019-05-30 00:57:08+00:00,,2019-05-30T02:21:48.000000Z,-35.2210369081,-36.2278069998,136.098930559,137.33371039,gs://gcp-public-data-sentinel-2/tiles/53/H/PA/S2A_MSIL1C_20190530T004711_N0207_R102_T53HPA_20190530T022148.SAFE,807515906,54.8844
L1C_T53HPA_A011711_20190604T005308,S2B_MSIL1C_20190604T004719_N0207_R102_T53HPA_20190604T021032,GS2B_20190604T004719_011711_N02.07,53HPA,2019-06-04 00:57:13+00:00,,2019-06-04T02:10:32.000000Z,-35.2210369081,-36.2278069998,136.098930559,137.33371039,gs://gcp-public-data-sentinel-2/tiles/53/H/PA/S2B_MSIL1C_20190604T004719_N0207_R102_T53HPA_20190604T021032.SAFE,783921277,49.8932
L1C_T53HPA_A011854_20190614T005307,S2B_MSIL1C_20190614T004719_N0207_R102_T53HPA_20190614T020946,GS2B_20190614T004719_011854_N02.07,53HPA,2019-06-14 00:57:12+00:00,,2019-06-14T02:09:46.000000Z,-35.2210369081,-36.2278069998,136.098930559,137.33371039,gs://gcp-public-data-sentinel-2/tiles/53/H/PA/S2B_MSIL1C_20190614T004719_N0207_R102_T53HPA_20190614T020946.SAFE,721224205,27.7858
L1C_T53HPA_A020834_20190619T004710,S2A_MSIL1C_20190619T004711_N0207_R102_T53HPA_20190619T022103,GS2A_20190619T004711_020834_N02.07,53HPA,2019-06-19 00:57:09+00:00,,2019-06-19T02:21:03.000000Z,-35.2210369081,-36.2278069998,136.098930559,137.33371039,gs://gcp-public-data-sentinel-2/tiles/53/H/PA/S2A_MSIL1C_20190619T004711_N0207_R102_T53HPA_20190619T022103.SAFE,685467669,9.8996
L1C_T53HPA_A012140_20190704T005309,S2B_MSIL1C_20190704T004719_N0207_R102_T53HPA_20190704T021045,GS2B_20190704T004719_012140_N02.07,53HPA,2019-07-04 00:57:14+00:00,,2019-07-04T02:10:45.000000Z,-35.2210369081,-36.2278069998,136.098930559,137.33371039,gs://gcp-public-data-sentinel-2/tiles/53/H/PA/S2B_MSIL1C_20190704T004719_N0207_R102_T53HPA_20190704T021045.SAFE,798856694,67.5499
L1C_T53HPA_A021120_20190709T004711,S2A_MSIL1C_20190709T004711_N0208_R102_T53HPA_20190709T021836,GS2A_20190709T004711_021120_N02.08,53HPA,2019-07-09 00:57:10+00:00,,2019-07-09T02:18:36.000000Z,-35.2210369081,-36.2278069998,136.098930559,137.33371039,gs://gcp-public-data-sentinel-2/tiles/53/H/PA/S2A_MSIL1C_20190709T004711_N0208_R102_T53HPA_20190709T021836.SAFE,722713159,22.9845
L1C_T53HPA_A012283_20190714T005309,S2B_MSIL1C_20190714T004719_N0208_R102_T53HPA_20190714T021011,GS2B_20190714T004719_012283_N02.08,53HPA,2019-07-14 00:57:14+00:00,,2019-07-14T02:10:11.000000Z,-35.2210369081,-36.2278069998,136.098930559,137.33371039,gs://gcp-public-data-sentinel-2/tiles/53/H/PA/S2B_MSIL1C_20190714T004719_N0208_R102_T53HPA_20190714T021011.SAFE,787558395,66.7767
L1C_T53HPA_A021263_20190719T004711,S2A_MSIL1C_20190719T004711_N0208_R102_T53HPA_20190719T021815,GS2A_20190719T004711_021263_N02.08,53HPA,2019-07-19 00:57:10.553000+00:00,,2019-07-19T02:18:15.000000Z,-35.2210369081,-36.2278069998,136.098930559,137.33371039,gs://gcp-public-data-sentinel-2/tiles/53/H/PA/S2A_MSIL1C_20190719T004711_N0208_R102_T53HPA_20190719T021815.SAFE,699090011,8.035
L1C_T53HPA_A012426_20190724T005308,S2B_MSIL1C_20190724T004719_N0208_R102_T53HPA_20190724T021037,GS2B_20190724T004719_012426_N02.08,53HPA,2019-07-24 00:57:13.853000+00:00,,2019-07-24T02:10:37.000000Z,-35.2210369081,-36.2278069998,136.098930559,137.33371039,gs://gcp-public-data-sentinel-2/tiles/53/H/PA/S2B_MSIL1C_20190724T004719_N0208_R102_T53HPA_20190724T021037.SAFE,776308424,29.5523
L1C_T53HPA_A021406_20190729T004711,S2A_MSIL1C_20190729T004711_N0208_R102_T53HPA_20190729T021759,GS2A_20190729T004711_021406_N02.08,53HPA,2019-07-29 00:57:10.171000+00:00,,2019-07-29T02:17:59.000000Z,-35.2210369081,-36.2278069998,136.098930559,137.33371039,gs://gcp-public-data-sentinel-2/tiles/53/H/PA/S2A_MSIL1C_20190729T004711_N0208_R102_T53HPA_20190729T021759.SAFE,688359438,16.0942
L1C_T53HPA_A012712_20190813T005306,S2B_MSIL1C_20190813T004709_N0208_R102_T53HPA_20190813T021205,GS2B_20190813T004709_012712_N02.08,53HPA,2019-08-13 00:57:12.030000+00:00,,2019-08-13T02:12:05.000000Z,-35.2210369081,-36.2278069998,136.098930559,137.33371039,gs://gcp-public-data-sentinel-2/tiles/53/H/PA/S2B_MSIL1C_20190813T004709_N0208_R102_T53HPA_20190813T021205.SAFE,678799607,13.3909
L1C_T53HPA_A021692_20190818T004709,S2A_MSIL1C_20190818T004711_N0208_R102_T53HPA_20190818T021956,GS2A_20190818T004711_021692_N02.08,53HPA,2019-08-18 00:57:08.241000+00:00,,2019-08-18T02:19:56.000000Z,-35.2210369081,-36.2278069998,136.098930559,137.33371039,gs://gcp-public-data-sentinel-2/tiles/53/H/PA/S2A_MSIL1C_20190818T004711_N0208_R102_T53HPA_20190818T021956.SAFE,719807875,65.971
L1C_T53HPA_A012855_20190823T005305,S2B_MSIL1C_20190823T004709_N0208_R102_T53HPA_20190823T021105,GS2B_20190823T004709_012855_N02.08,53HPA,2019-08-23 00:57:10.511000+00:00,,2019-08-23T02:11:05.000000Z,-35.2210369081,-36.2278069998,136.098930559,137.33371039,gs://gcp-public-data-sentinel-2/tiles/53/H/PA/S2B_MSIL1C_20190823T004709_N0208_R102_T53HPA_20190823T021105.SAFE,662121627,0.0131
L1C_T53HPA_A021978_20190907T004705,S2A_MSIL1C_20190907T004711_N0208_R102_T53HPA_20190907T022106,GS2A_20190907T004711_021978_N02.08,53HPA,2019-09-07 00:57:04.623000+00:00,,2019-09-07T02:21:06.000000Z,-35.2210369081,-36.2278069998,136.098930559,137.33371039,gs://gcp-public-data-sentinel-2/tiles/53/H/PA/S2A_MSIL1C_20190907T004711_N0208_R102_T53HPA_20190907T022106.SAFE,747387426,40.1594
L1C_T53HPA_A013141_20190912T005301,S2B_MSIL1C_20190912T004709_N0208_R102_T53HPA_20190912T021107,GS2B_20190912T004709_013141_N02.08,53HPA,2019-09-12 00:57:06.202000+00:00,,2019-09-12T02:11:07.000000Z,-35.2210369081,-36.2278069998,136.098930559,137.33371039,gs://gcp-public-data-sentinel-2/tiles/53/H/PA/S2B_MSIL1C_20190912T004709_N0208_R102_T53HPA_20190912T021107.SAFE,737734412,27.7803
L1C_T53HPA_A022121_20190917T004705,S2A_MSIL1C_20190917T004711_N0208_R102_T53HPA_20190917T022105,GS2A_20190917T004711_022121_N02.08,53HPA,2019-09-17 00:57:04.707000+00:00,,2019-09-17T02:21:05.000000Z,-35.2210369081,-36.2278069998,136.098930559,137.33371039,gs://gcp-public-data-sentinel-2/tiles/53/H/PA/S2A_MSIL1C_20190917T004711_N0208_R102_T53HPA_20190917T022105.SAFE,703231469,15.9957
L1C_T53HPA_A013284_20190922T005259,S2B_MSIL1C_20190922T004709_N0208_R102_T53HPA_20190922T021033,GS2B_20190922T004709_013284_N02.08,53HPA,2019-09-22 00:57:04.843000+00:00,,2019-09-22T02:10:33.000000Z,-35.2210369081,-36.2278069998,136.098930559,137.33371039,gs://gcp-public-data-sentinel-2/tiles/53/H/PA/S2B_MSIL1C_20190922T004709_N0208_R102_T53HPA_20190922T021033.SAFE,717173598,53.7001
L1C_T53HPA_A022264_20190927T004707,S2A_MSIL1C_20190927T004711_N0208_R102_T53HPA_20190927T022201,GS2A_20190927T004711_022264_N02.08,53HPA,2019-09-27 00:57:06.471000+00:00,,2019-09-27T02:22:01.000000Z,-35.2210369081,-36.2278069998,136.098930559,137.33371039,gs://gcp-public-data-sentinel-2/tiles/53/H/PA/S2A_MSIL1C_20190927T004711_N0208_R102_T53HPA_20190927T022201.SAFE,790654212,24.8789
L1C_T53HPA_A013427_20191002T005300,S2B_MSIL1C_20191002T004709_N0208_R102_T53HPA_20191002T021023,GS2B_20191002T004709_013427_N02.08,53HPA,2019-10-02 00:57:05.959000+00:00,,2019-10-02T02:10:23.000000Z,-35.2210369081,-36.2278069998,136.098930559,137.33371039,gs://gcp-public-data-sentinel-2/tiles/53/H/PA/S2B_MSIL1C_20191002T004709_N0208_R102_T53HPA_20191002T021023.SAFE,799110118,50.2172
L1C_T53HPA_A022407_20191007T004708,S2A_MSIL1C_20191007T004711_N0208_R102_T53HPA_20191007T021913,GS2A_20191007T004711_022407_N02.08,53HPA,2019-10-07 00:57:07.742000+00:00,,2019-10-07T02:19:13.000000Z,-35.2210369081,-36.2278069998,136.098930559,137.33371039,gs://gcp-public-data-sentinel-2/tiles/53/H/PA/S2A_MSIL1C_20191007T004711_N0208_R102_T53HPA_20191007T021913.SAFE,758511199,66.8818
L1C_T53HPA_A013570_20191012T005301,S2B_MSIL1C_20191012T004709_N0208_R102_T53HPA_20191012T021053,GS2B_20191012T004709_013570_N02.08,53HPA,2019-10-12 00:57:06.510000+00:00,,2019-10-12T02:10:53.000000Z,-35.2210369081,-36.2278069998,136.098930559,137.33371039,gs://gcp-public-data-sentinel-2/tiles/53/H/PA/S2B_MSIL1C_20191012T004709_N0208_R102_T53HPA_20191012T021053.SAFE,716511999,5.1521
L1C_T53HPA_A022550_20191017T004709,S2A_MSIL1C_20191017T004711_N0208_R102_T53HPA_20191017T021817,GS2A_20191017T004711_022550_N02.08,53HPA,2019-10-17 00:57:08.513000+00:00,,2019-10-17T02:18:17.000000Z,-35.2210369081,-36.2278069998,136.098930559,137.33371039,gs://gcp-public-data-sentinel-2/tiles/53/H/PA/S2A_MSIL1C_20191017T004711_N0208_R102_T53HPA_20191017T021817.SAFE,833712802,38.494
L1C_T53HPA_A013713_20191022T005326,S2B_MSIL1C_20191022T004709_N0208_R102_T53HPA_20191022T020957,GS2B_20191022T004709_013713_N02.08,53HPA,2019-10-22 00:57:06.508000+00:00,,2019-10-22T02:09:57.000000Z,-35.2210369081,-36.2278069998,136.098930559,137.33371039,gs://gcp-public-data-sentinel-2/tiles/53/H/PA/S2B_MSIL1C_20191022T004709_N0208_R102_T53HPA_20191022T020957.SAFE,605637875,0.0
L1C_T53HPA_A022693_20191027T004709,S2A_MSIL1C_20191027T004711_N0208_R102_T53HPA_20191027T021855,GS2A_20191027T004711_022693_N02.08,53HPA,2019-10-27 00:57:08.679000+00:00,,2019-10-27T02:18:55.000000Z,-35.2210369081,-36.2278069998,136.098930559,137.33371039,gs://gcp-public-data-sentinel-2/tiles/53/H/PA/S2A_MSIL1C_20191027T004711_N0208_R102_T53HPA_20191027T021855.SAFE,800627401,26.7869
L1C_T53HPA_A022836_20191106T004843,S2A_MSIL1C_20191106T004711_N0208_R102_T53HPA_20191106T035323,GS2A_20191106T004711_022836_N02.08,53HPA,2019-11-06 00:57:08.215000+00:00,,2019-11-06T03:53:23.000000Z,-35.2210369081,-36.2278069998,136.098930559,137.33371039,gs://gcp-public-data-sentinel-2/tiles/53/H/PA/S2A_MSIL1C_20191106T004711_N0208_R102_T53HPA_20191106T035323.SAFE,812707504,28.1647
L1C_T53HPA_A013999_20191111T005526,S2B_MSIL1C_20191111T004709_N0208_R102_T53HPA_20191111T020553,GS2B_20191111T004709_013999_N02.08,53HPA,2019-11-11 00:57:04.712000+00:00,,2019-11-11T02:05:53.000000Z,-35.2210369081,-36.2278069998,136.098930559,137.33371039,gs://gcp-public-data-sentinel-2/tiles/53/H/PA/S2B_MSIL1C_20191111T004709_N0208_R102_T53HPA_20191111T020553.SAFE,722452054,46.5976
L1C_T53HPA_A022979_20191116T004708,S2A_MSIL1C_20191116T004711_N0208_R102_T53HPA_20191116T021550,GS2A_20191116T004711_022979_N02.08,53HPA,2019-11-16 00:57:07.151000+00:00,,2019-11-16T02:15:50.000000Z,-35.2210369081,-36.2278069998,136.098930559,137.33371039,gs://gcp-public-data-sentinel-2/tiles/53/H/PA/S2A_MSIL1C_20191116T004711_N0208_R102_T53HPA_20191116T021550.SAFE,805374369,57.7984
L1C_T53HPA_A014142_20191121T005611,S2B_MSIL1C_20191121T004709_N0208_R102_T53HPA_20191121T020538,GS2B_20191121T004709_014142_N02.08,53HPA,2019-11-21 00:57:02.847000+00:00,,2019-11-21T02:05:38.000000Z,-35.2210369081,-36.2278069998,136.098930559,137.33371039,gs://gcp-public-data-sentinel-2/tiles/53/H/PA/S2B_MSIL1C_20191121T004709_N0208_R102_T53HPA_20191121T020538.SAFE,802514071,4.6686
L1C_T53HPA_A023122_20191126T004706,S2A_MSIL1C_20191126T004711_N0208_R102_T53HPA_20191126T021437,GS2A_20191126T004711_023122_N02.08,53HPA,2019-11-26 00:57:05.428000+00:00,,2019-11-26T02:14:37.000000Z,-35.2210369081,-36.2278069998,136.098930559,137.33371039,gs://gcp-public-data-sentinel-2/tiles/53/H/PA/S2A_MSIL1C_20191126T004711_N0208_R102_T53HPA_20191126T021437.SAFE,813877617,19.4438
L1C_T53HPA_A014285_20191201T005642,S2B_MSIL1C_20191201T004659_N0208_R102_T53HPA_20191201T020337,GS2B_20191201T004659_014285_N02.08,53HPA,2019-12-01 00:57:00.371000+00:00,,2019-12-01T02:03:37.000000Z,-35.2210369081,-36.2278069998,136.098930559,137.33371039,gs://gcp-public-data-sentinel-2/tiles/53/H/PA/S2B_MSIL1C_20191201T004659_N0208_R102_T53HPA_20191201T020337.SAFE,766103359,54.6215
L1C_T53HPA_A023265_20191206T004704,S2A_MSIL1C_20191206T004701_N0208_R102_T53HPA_20191206T021424,GS2A_20191206T004701_023265_N02.08,53HPA,2019-12-06 00:57:03.039000+00:00,,2019-12-06T02:14:24.000000Z,-35.2210369081,-36.2278069998,136.098930559,137.33371039,gs://gcp-public-data-sentinel-2/tiles/53/H/PA/S2A_MSIL1C_20191206T004701_N0208_R102_T53HPA_20191206T021424.SAFE,802544439,25.2203
L1C_T53HPA_A014428_20191211T004700,S2B_MSIL1C_20191211T004659_N0208_R102_T53HPA_20191211T020546,GS2B_20191211T004659_014428_N02.08,53HPA,2019-12-11 00:56:59.661000+00:00,,2019-12-11T02:05:46.000000Z,-35.2210369081,-36.2278069998,136.098930559,137.33371039,gs://gcp-public-data-sentinel-2/tiles/53/H/PA/S2B_MSIL1C_20191211T004659_N0208_R102_T53HPA_20191211T020546.SAFE,764494323,59.4405
L1C_T53HPA_A023408_20191216T004701,S2A_MSIL1C_20191216T004701_N0208_R102_T53HPA_20191216T020938,GS2A_20191216T004701_023408_N02.08,53HPA,2019-12-16 00:57:00.095000+00:00,,2019-12-16T02:09:38.000000Z,-35.2210369081,-36.2278069998,136.098930559,137.33371039,gs://gcp-public-data-sentinel-2/tiles/53/H/PA/S2A_MSIL1C_20191216T004701_N0208_R102_T53HPA_20191216T020938.SAFE,660238021,0.0
L1C_T53HPA_A014571_20191221T004701,S2B_MSIL1C_20191221T004659_N0208_R102_T53HPA_20191221T020659,GS2B_20191221T004659_014571_N02.08,53HPA,2019-12-21 00:57:00.306000+00:00,,2019-12-21T02:06:59.000000Z,-35.2210369081,-36.2278069998,136.098930559,137.33371039,gs://gcp-public-data-sentinel-2/tiles/53/H/PA/S2B_MSIL1C_20191221T004659_N0208_R102_T53HPA_20191221T020659.SAFE,738447384,54.242
L1C_T53HPA_A023551_20191226T004700,S2A_MSIL1C_20191226T004701_N0208_R102_T53HPA_20191226T021317,GS2A_20191226T004701_023551_N02.08,53HPA,2019-12-26 00:56:59.837000+00:00,,2019-12-26T02:13:17.000000Z,-35.2210369081,-36.2278069998,136.098930559,137.33371039,gs://gcp-public-data-sentinel-2/tiles/53/H/PA/S2A_MSIL1C_20191226T004701_N0208_R102_T53HPA_20191226T021317.SAFE,788594777,12.3171
L1C_T53HPA_A014714_20191231T004701,S2B_MSIL1C_20191231T004659_N0208_R102_T53HPA_20191231T020446,GS2B_20191231T004659_014714_N02.08,53HPA,2019-12-31 00:57:00.456000+00:00,,2019-12-31T02:04:46.000000Z,-35.2210369081,-36.2278069998,136.098930559,137.33371039,gs://gcp-public-data-sentinel-2/tiles/53/H/PA/S2B_MSIL1C_20191231T004659_N0208_R102_T53HPA_20191231T020446.SAFE,784202734,0.5556
L1C_T53HPA_A023694_20200105T004700,S2A_MSIL1C_20200105T004701_N0208_R102_T53HPA_20200105T021459,GS2A_20200105T004701_023694_N02.08,53HPA,2020-01-05 00:56:59.851000+00:00,,2020-01-05T02:14:59.000000Z,-35.2210369081,-36.2278069998,136.098930559,137.33371039,gs://gcp-public-data-sentinel-2/tiles/53/H/PA/S2A_MSIL1C_20200105T004701_N0208_R102_T53HPA_20200105T021459.SAFE,715077841,61.2913
L1C_T53HPA_A023837_20200115T004700,S2A_MSIL1C_20200115T004701_N0208_R102_T53HPA_20200115T021925,GS2A_20200115T004701_023837_N02.08,53HPA,2020-01-15 00:56:59.493000+00:00,,2020-01-15T02:19:25.000000Z,-35.2210369081,-36.2278069998,136.098930559,137.33371039,gs://gcp-public-data-sentinel-2/tiles/53/H/PA/S2A_MSIL1C_20200115T004701_N0208_R102_T53HPA_20200115T021925.SAFE,749800878,7.8606
